{
  "model": "claude-opus-4-6",
  "timestamp": "2026-04-01T18:05:55Z",
  "formats": [
    "Raw HTML",
    "Raw PDF (file)",
    "Raw PDF (text)",
    "Raw Markdown",
    "AIF JSON IR",
    "AIF HTML",
    "AIF Markdown (RT)",
    "AIF LML",
    "AIF LML Compact",
    "AIF LML Conserv.",
    "AIF LML Moderate",
    "AIF LML Aggress."
  ],
  "articles": [
    {
      "article": "Photosynthesis",
      "raw_html_tokens": 318327,
      "raw_html_bytes": 786104,
      "raw_html_save_pct": 0.0,
      "raw_pdf_tokens": 81214,
      "raw_pdf_bytes": 1671780,
      "raw_pdf_save_pct": 74.4872411074147,
      "raw_pdf_text_tokens": 37294,
      "raw_pdf_text_bytes": 108770,
      "raw_pdf_text_save_pct": 88.2843742440949,
      "raw_md_tokens": 80089,
      "raw_md_bytes": 216642,
      "raw_md_save_pct": 74.8406512799731,
      "aif_json_tokens": 291209,
      "aif_json_bytes": 1169460,
      "aif_json_save_pct": 8.518912941723444,
      "aif_html_tokens": 79444,
      "aif_html_bytes": 211140,
      "aif_html_save_pct": 75.04327311223993,
      "aif_md_tokens": 61874,
      "aif_md_bytes": 172870,
      "aif_md_save_pct": 80.56275465166323,
      "aif_lml_tokens": 59928,
      "aif_lml_bytes": 169792,
      "aif_lml_save_pct": 81.17407571459538,
      "aif_lml_compact_tokens": 59928,
      "aif_lml_compact_bytes": 169792,
      "aif_lml_compact_save_pct": 81.17407571459538,
      "aif_lml_conserv_tokens": 60032,
      "aif_lml_conserv_bytes": 170072,
      "aif_lml_conserv_save_pct": 81.14140490753219,
      "aif_lml_moderate_tokens": 60021,
      "aif_lml_moderate_bytes": 170059,
      "aif_lml_moderate_save_pct": 81.14486047366387,
      "aif_lml_aggress_tokens": 59545,
      "aif_lml_aggress_bytes": 169015,
      "aif_lml_aggress_save_pct": 81.29439224445304
    },
    {
      "article": "General_relativity",
      "raw_html_tokens": 560381,
      "raw_html_bytes": 1380726,
      "raw_html_save_pct": 0.0,
      "raw_pdf_tokens": 149152,
      "raw_pdf_bytes": 1727113,
      "raw_pdf_save_pct": 73.3838227919933,
      "raw_pdf_text_tokens": 64198,
      "raw_pdf_text_bytes": 186266,
      "raw_pdf_text_save_pct": 88.54386569137783,
      "raw_md_tokens": 136314,
      "raw_md_bytes": 369408,
      "raw_md_save_pct": 75.67476413368762,
      "aif_json_tokens": 488028,
      "aif_json_bytes": 2050667,
      "aif_json_save_pct": 12.911394212152095,
      "aif_html_tokens": 134786,
      "aif_html_bytes": 360043,
      "aif_html_save_pct": 75.94743576245448,
      "aif_md_tokens": 107630,
      "aif_md_bytes": 301140,
      "aif_md_save_pct": 80.79342447370628,
      "aif_lml_tokens": 105117,
      "aif_lml_bytes": 296629,
      "aif_lml_save_pct": 81.24186937101722,
      "aif_lml_compact_tokens": 105117,
      "aif_lml_compact_bytes": 296629,
      "aif_lml_compact_save_pct": 81.24186937101722,
      "aif_lml_conserv_tokens": 105221,
      "aif_lml_conserv_bytes": 296909,
      "aif_lml_conserv_save_pct": 81.22331056905927,
      "aif_lml_moderate_tokens": 105210,
      "aif_lml_moderate_bytes": 296896,
      "aif_lml_moderate_save_pct": 81.22527351926637,
      "aif_lml_aggress_tokens": 104606,
      "aif_lml_aggress_bytes": 295564,
      "aif_lml_aggress_save_pct": 81.33305733063754
    },
    {
      "article": "Python_(programming_language)",
      "raw_html_tokens": 341851,
      "raw_html_bytes": 866582,
      "raw_html_save_pct": 0.0,
      "raw_pdf_tokens": 85702,
      "raw_pdf_bytes": 814244,
      "raw_pdf_save_pct": 74.93001336839734,
      "raw_pdf_text_tokens": 33728,
      "raw_pdf_text_bytes": 106663,
      "raw_pdf_text_save_pct": 90.13371322593761,
      "raw_md_tokens": 69643,
      "raw_md_bytes": 202032,
      "raw_md_save_pct": 79.62767404512492,
      "aif_json_tokens": 258342,
      "aif_json_bytes": 1059019,
      "aif_json_save_pct": 24.428479074216547,
      "aif_html_tokens": 72582,
      "aif_html_bytes": 206318,
      "aif_html_save_pct": 78.76794275868725,
      "aif_md_tokens": 56862,
      "aif_md_bytes": 170585,
      "aif_md_save_pct": 83.36643742449196,
      "aif_lml_tokens": 55169,
      "aif_lml_bytes": 168159,
      "aif_lml_save_pct": 83.86168242889445,
      "aif_lml_compact_tokens": 55169,
      "aif_lml_compact_bytes": 168159,
      "aif_lml_compact_save_pct": 83.86168242889445,
      "aif_lml_conserv_tokens": 55273,
      "aif_lml_conserv_bytes": 168439,
      "aif_lml_conserv_save_pct": 83.83125981787387,
      "aif_lml_moderate_tokens": 55262,
      "aif_lml_moderate_bytes": 168426,
      "aif_lml_moderate_save_pct": 83.8344775940395,
      "aif_lml_aggress_tokens": 54796,
      "aif_lml_aggress_bytes": 167396,
      "aif_lml_aggress_save_pct": 83.97079429342024
    },
    {
      "article": "World_War_II",
      "raw_html_tokens": 726048,
      "raw_html_bytes": 1785408,
      "raw_html_save_pct": 0.0,
      "raw_pdf_tokens": 156268,
      "raw_pdf_bytes": 3827258,
      "raw_pdf_save_pct": 78.47690510820222,
      "raw_pdf_text_tokens": 61678,
      "raw_pdf_text_bytes": 195551,
      "raw_pdf_text_save_pct": 91.50496936841641,
      "raw_md_tokens": 176947,
      "raw_md_bytes": 483368,
      "raw_md_save_pct": 75.62874630878399,
      "aif_json_tokens": 601529,
      "aif_json_bytes": 2457327,
      "aif_json_save_pct": 17.15024351007096,
      "aif_html_tokens": 172095,
      "aif_html_bytes": 452940,
      "aif_html_save_pct": 76.29702168451674,
      "aif_md_tokens": 138272,
      "aif_md_bytes": 377492,
      "aif_md_save_pct": 80.95552911102295,
      "aif_lml_tokens": 134838,
      "aif_lml_bytes": 371421,
      "aif_lml_save_pct": 81.42850059500198,
      "aif_lml_compact_tokens": 134838,
      "aif_lml_compact_bytes": 371421,
      "aif_lml_compact_save_pct": 81.42850059500198,
      "aif_lml_conserv_tokens": 134942,
      "aif_lml_conserv_bytes": 371701,
      "aif_lml_conserv_save_pct": 81.41417647318083,
      "aif_lml_moderate_tokens": 134931,
      "aif_lml_moderate_bytes": 371688,
      "aif_lml_moderate_save_pct": 81.4156915245273,
      "aif_lml_aggress_tokens": 134370,
      "aif_lml_aggress_bytes": 370466,
      "aif_lml_aggress_save_pct": 81.49295914319714
    },
    {
      "article": "Quantum_computing",
      "raw_html_tokens": 359868,
      "raw_html_bytes": 889264,
      "raw_html_save_pct": 0.0,
      "raw_pdf_tokens": 88842,
      "raw_pdf_bytes": 1049995,
      "raw_pdf_save_pct": 75.31261462536263,
      "raw_pdf_text_tokens": 37037,
      "raw_pdf_text_bytes": 111644,
      "raw_pdf_text_save_pct": 89.70817077372814,
      "raw_md_tokens": 83963,
      "raw_md_bytes": 235244,
      "raw_md_save_pct": 76.668389520602,
      "aif_json_tokens": 294864,
      "aif_json_bytes": 1199095,
      "aif_json_save_pct": 18.063289872953415,
      "aif_html_tokens": 82106,
      "aif_html_bytes": 224807,
      "aif_html_save_pct": 77.1844120622006,
      "aif_md_tokens": 64661,
      "aif_md_bytes": 187061,
      "aif_md_save_pct": 82.03202285282381,
      "aif_lml_tokens": 63275,
      "aif_lml_bytes": 184564,
      "aif_lml_save_pct": 82.41716407127058,
      "aif_lml_compact_tokens": 63275,
      "aif_lml_compact_bytes": 184564,
      "aif_lml_compact_save_pct": 82.41716407127058,
      "aif_lml_conserv_tokens": 63379,
      "aif_lml_conserv_bytes": 184844,
      "aif_lml_conserv_save_pct": 82.38826458590371,
      "aif_lml_moderate_tokens": 63368,
      "aif_lml_moderate_bytes": 184831,
      "aif_lml_moderate_save_pct": 82.39132126224061,
      "aif_lml_aggress_tokens": 62857,
      "aif_lml_aggress_bytes": 183704,
      "aif_lml_aggress_save_pct": 82.53331777207198
    },
    {
      "article": "DNA",
      "raw_html_tokens": 448868,
      "raw_html_bytes": 1070480,
      "raw_html_save_pct": 0.0,
      "raw_pdf_tokens": 127070,
      "raw_pdf_bytes": 2679500,
      "raw_pdf_save_pct": 71.69100938360498,
      "raw_pdf_text_tokens": 54865,
      "raw_pdf_text_bytes": 154957,
      "raw_pdf_text_save_pct": 87.77703021823788,
      "raw_md_tokens": 94836,
      "raw_md_bytes": 253825,