{
  "model": "claude-opus-4-6",
  "timestamp": "2026-03-31T03:20:36Z",
  "formats": [
    "SKILL.md",
    "JSON IR",
    "HTML",
    "Markdown (RT)",
    "LML",
    "LML Compact",
    "LML Conserv.",
    "LML Moderate",
    "LML Aggress."
  ],
  "skills": [
    {
      "skill": "debugging",
      "md_tokens": 219,
      "md_bytes": 886,
      "md_save_pct": 0.0,
      "md_compliance": 1.0,
      "md_tno": 1.0,
      "json_tokens": 1820,
      "json_bytes": 7357,
      "json_save_pct": -731.0502283105023,
      "json_compliance": 1.0,
      "json_tno": 0.12032967032967032,
      "html_tokens": 435,
      "html_bytes": 1289,
      "html_save_pct": -98.63013698630137,
      "html_compliance": 1.0,
      "html_tno": 0.503448275862069,
      "markdown_tokens": 187,
      "markdown_bytes": 771,
      "markdown_save_pct": 14.61187214611872,
      "markdown_compliance": 1.0,
      "markdown_tno": 1.1711229946524064,
      "lml_tokens": 272,
      "lml_bytes": 979,
      "lml_save_pct": -24.200913242009126,
      "lml_compliance": 1.0,
      "lml_tno": 0.8051470588235294,
      "lml_compact_tokens": 228,
      "lml_compact_bytes": 801,
      "lml_compact_save_pct": -4.109589041095885,
      "lml_compact_compliance": 1.0,
      "lml_compact_tno": 0.9605263157894738,
      "lml_conservative_tokens": 363,
      "lml_conservative_bytes": 1214,
      "lml_conservative_save_pct": -65.75342465753424,
      "lml_conservative_compliance": 1.0,
      "lml_conservative_tno": 0.6033057851239669,
      "lml_moderate_tokens": 352,
      "lml_moderate_bytes": 1201,
      "lml_moderate_save_pct": -60.73059360730593,
      "lml_moderate_compliance": 1.0,
      "lml_moderate_tno": 0.6221590909090909,
      "lml_aggressive_tokens": 238,
      "lml_aggressive_bytes": 941,
      "lml_aggressive_save_pct": -8.675799086757996,
      "lml_aggressive_compliance": 1.0,
      "lml_aggressive_tno": 0.9201680672268907
    },
    {
      "skill": "figma-code-connect",
      "md_tokens": 5089,
      "md_bytes": 17757,
      "md_save_pct": 0.0,
      "md_compliance": 1.0,
      "md_tno": 1.0,
      "json_tokens": 7963,
      "json_bytes": 28748,
      "json_save_pct": -56.47474945961879,
      "json_compliance": 1.0,
      "json_tno": 0.6390807484616351,
      "html_tokens": 5440,
      "html_bytes": 18265,
      "html_save_pct": -6.897229318137166,
      "html_compliance": 1.0,
      "html_tno": 0.9354779411764705,
      "markdown_tokens": 5013,
      "markdown_bytes": 17469,
      "markdown_save_pct": 1.4934171742975066,
      "markdown_compliance": 1.0,
      "markdown_tno": 1.0151605824855376,
      "lml_tokens": 5204,
      "lml_bytes": 17969,
      "lml_save_pct": -2.259775987423862,
      "lml_compliance": 1.0,
      "lml_tno": 0.9779016141429668,
      "lml_compact_tokens": 5204,
      "lml_compact_bytes": 17969,
      "lml_compact_save_pct": -2.259775987423862,
      "lml_compact_compliance": 1.0,
      "lml_compact_tno": 0.9779016141429668,
      "lml_conservative_tokens": 5304,
      "lml_conservative_bytes": 18234,
      "lml_conservative_save_pct": -4.22479858518372,
      "lml_conservative_compliance": 1.0,
      "lml_conservative_tno": 0.9594645550527905,
      "lml_moderate_tokens": 5293,
      "lml_moderate_bytes": 18221,
      "lml_moderate_save_pct": -4.0086460994301465,
      "lml_moderate_compliance": 1.0,
      "lml_moderate_tno": 0.9614585301341394,
      "lml_aggressive_tokens": 5085,
      "lml_aggressive_bytes": 17739,
      "lml_aggressive_save_pct": 0.07860090391039742,
      "lml_aggressive_compliance": 1.0,
      "lml_aggressive_tno": 1.0007866273352999
    },
    {
      "skill": "figma-design-system-rules",
      "md_tokens": 4567,
      "md_bytes": 18253,
      "md_save_pct": 0.0,
      "md_compliance": 1.0,
      "md_tno": 1.0,
      "json_tokens": 10480,
      "json_bytes": 42208,
      "json_save_pct": -129.4723012918765,
      "json_compliance": 1.0,
      "json_tno": 0.43578244274809164,
      "html_tokens": 5154,
      "html_bytes": 19149,
      "html_save_pct": -12.853076417779729,
      "html_compliance": 1.0,
      "html_tno": 0.8861078773767946,
      "markdown_tokens": 4464,
      "markdown_bytes": 17862,
      "markdown_save_pct": 2.255309831399166,
      "markdown_compliance": 1.0,
      "markdown_tno": 1.023073476702509,
      "lml_tokens": 4810,
      "lml_bytes": 18711,
      "lml_save_pct": -5.320779505145601,
      "lml_compliance": 1.0,
      "lml_tno": 0.9494802494802496,
      "lml_compact_tokens": 4719,
      "lml_compact_bytes": 18379,
      "lml_compact_save_pct": -3.328224217210418,
      "lml_compact_compliance": 1.0,
      "lml_compact_tno": 0.9677897859716041,
      "lml_conservative_tokens": 4910,
      "lml_conservative_bytes": 18971,
      "lml_conservative_save_pct": -7.510400700678788,
      "lml_conservative_compliance": 1.0,
      "lml_conservative_tno": 0.930142566191446,
      "lml_moderate_tokens": 4899,
      "lml_moderate_bytes": 18958,
      "lml_moderate_save_pct": -7.269542369170123,
      "lml_moderate_compliance": 1.0,
      "lml_moderate_tno": 0.9322310675648092,
      "lml_aggressive_tokens": 4563,
      "lml_aggressive_bytes": 18228,
      "lml_aggressive_save_pct": 0.08758484782133147,
      "lml_aggressive_compliance": 1.0,
      "lml_aggressive_tno": 1.0008766162612317
    },
    {
      "skill": "figma-generate-design",
      "md_tokens": 5399,
      "md_bytes": 20196,
      "md_save_pct": 0.0,
      "md_compliance": 1.0,
      "md_tno": 1.0,
      "json_tokens": 7345,
      "json_bytes": 27092,
      "json_save_pct": -36.043711798481205,
      "json_compliance": 1.0,
      "json_tno": 0.7350578624914907,
      "html_tokens": 5940,
      "html_bytes": 20893,
      "html_save_pct": -10.020374143359877,
      "html_compliance": 1.0,
      "html_tno": 0.9089225589225589,
      "markdown_tokens": 5187,
      "markdown_bytes": 19400,
      "markdown_save_pct": 3.92665308390443,
      "markdown_compliance": 1.0,
      "markdown_tno": 1.040871409292462,
      "lml_tokens": 5463,
      "lml_bytes": 20311,
      "lml_save_pct": -1.1854047045749105,
      "lml_compliance": 1.0,
      "lml_tno": 0.988284825187626,
      "lml_compact_tokens": 5463,
      "lml_compact_bytes": 20311,
      "lml_compact_save_pct": -1.1854047045749105,
      "lml_compact_compliance": 1.0,
      "lml_compact_tno": 0.988284825187626,
      "lml_conservative_tokens": 5563,
      "lml_conservative_bytes": 20576,
      "lml_conservative_save_pct": -3.037599555473225,
      "lml_conservative_compliance": 1.0,
      "lml_conservative_tno": 0.9705195038648212,
      "lml_moderate_tokens": 5552,
      "lml_moderate_bytes": 20563,
      "lml_moderate_save_pct": -2.833858121874422,
      "lml_moderate_compliance": 1.0,
      "lml_moderate_tno": 0.972442363112392,
      "lml_aggressive_tokens": 5387,
      "lml_aggressive_bytes": 20171,
      "lml_aggressive_save_pct": 0.22226338210780128,
      "lml_aggressive_compliance": 1.0,
      "lml_aggressive_tno": 1.0022275849266753
    },
    {
      "skill": "figma-generate-library",
      "md_tokens": 4964,
      "md_bytes": 18072,
      "md_save_pct": 0.0,
      "md_compliance": 1.0,
      "md_tno": 1.0,
      "json_tokens": 7601,
      "json_bytes": 28557,
      "json_save_pct": -53.12248186946012,
      "json_compliance": 1.0,
      "json_tno": 0.6530719642152348,
      "html_tokens": 5356,
      "html_bytes": 18579,
      "html_save_pct": -7.89685737308623,
      "html_compliance": 1.0,
      "html_tno": 0.9268110530246452,
      "markdown_tokens": 4839,
      "markdown_bytes": 17571,
      "markdown_save_pct": 2.5181305398871867,
      "markdown_compliance": 1.0,
      "markdown_tno": 1.0258317834263277,
      "lml_tokens": 5076,
      "lml_bytes": 18277,
      "lml_save_pct": -2.2562449637389292,
      "lml_compliance": 1.0,
      "lml_tno": 0.9779353821907013,
      "lml_compact_tokens": 5076,
      "lml_compact_bytes": 18277,
      "lml_compact_save_pct": -2.2562449637389292,